,sym_1,sym_2,p_value,t_value,c_value,hede_ratio,zero_crossings
836,SXPUSDT,XEMUSDT,0.0,-4.24,-3.37,8.28,53
8,1000BTTUSDT,BNBUSDT,0.02,-3.63,-3.37,0.0,53
576,RSS3USDT,JSTUSDT,0.01,-3.94,-3.37,4.17,52
60,1000XECUSDT,STMXUSDT,0.0,-4.49,-3.37,5.6,47
520,RSS3USDT,CELUSDT,0.01,-3.98,-3.37,0.13,45
322,CEEKUSDT,YGGUSDT,0.0,-4.29,-3.37,0.46,45
832,SXPUSDT,SANDUSDT,0.0,-4.61,-3.37,0.42,44
1030,YGGUSDT,ASTRUSDT,0.0,-4.44,-3.37,7.74,44
874,UNFIUSDT,RUNEUSDT,0.01,-3.98,-3.37,3.77,43
21,1000BTTUSDT,OMGUSDT,0.02,-3.72,-3.37,0.0,43
912,VETUSDT,SLPUSDT,0.0,-5.25,-3.37,7.02,43
9,1000BTTUSDT,BOBAUSDT,0.04,-3.4,-3.37,0.0,43
300,CEEKUSDT,COMPUSDT,0.0,-5.98,-3.37,0.0,42
297,CEEKUSDT,BELUSDT,0.04,-3.41,-3.37,0.24,42
298,CEEKUSDT,BLZUSDT,0.03,-3.55,-3.37,1.7,42
320,CEEKUSDT,TLMUSDT,0.0,-4.62,-3.37,6.28,42
695,STXUSDT,1000XECUSDT,0.0,-4.55,-3.37,8.23,42
1058,ZRXUSDT,AUDIOUSDT,0.02,-3.62,-3.37,1.34,42
993,XNOUSDT,LUNA2USDT,0.0,-4.73,-3.37,0.3,42
1042,YGGUSDT,BSVUSDT,0.0,-4.5,-3.37,0.01,41
824,SXPUSDT,GALAUSDT,0.0,-4.4,-3.37,9.31,41
302,CEEKUSDT,CTSIUSDT,0.02,-3.76,-3.37,0.98,41
531,RSS3USDT,CTSIUSDT,0.01,-4.08,-3.37,0.91,41
11,1000BTTUSDT,CROUSDT,0.03,-3.59,-3.37,0.01,41
5,1000BTTUSDT,BANDUSDT,0.01,-3.86,-3.37,0.0,40
2,1000BTTUSDT,1INCHUSDT,0.01,-3.87,-3.37,0.0,40
312,CEEKUSDT,IOSTUSDT,0.02,-3.7,-3.37,11.58,40
305,CEEKUSDT,DGBUSDT,0.0,-4.16,-3.37,15.07,40
282,BCHUSDT,1000BTTUSDT,0.05,-3.37,-3.37,140481.84,39
913,XEMUSDT,1INCHUSDT,0.01,-3.82,-3.37,0.07,39
392,GTCUSDT,SANDUSDT,0.01,-4.1,-3.37,2.13,39
565,RSS3USDT,HNTUSDT,0.01,-3.99,-3.37,0.03,39
899,VETUSDT,DASHUSDT,0.03,-3.54,-3.37,0.0,39
949,XMRUSDT,CTSIUSDT,0.04,-3.39,-3.37,1086.49,38
324,CEEKUSDT,ZILUSDT,0.03,-3.5,-3.37,4.38,38
981,XMRUSDT,SLPUSDT,0.01,-4.01,-3.37,44591.78,38
112,AGLDUSDT,BOBAUSDT,0.02,-3.7,-3.37,1.12,38
990,XNOUSDT,BSVUSDT,0.02,-3.68,-3.37,0.02,38
992,XNOUSDT,CTSIUSDT,0.01,-4.05,-3.37,5.42,38
35,1000LUNCUSDT,BITUSDT,0.02,-3.73,-3.37,0.55,38
143,ALICEUSDT,DARUSDT,0.03,-3.5,-3.37,8.06,38
440,NEARUSDT,1000BTTUSDT,0.02,-3.61,-3.37,3765.18,38
469,REQUSDT,HOTUSDT,0.03,-3.56,-3.37,56.19,38
308,CEEKUSDT,GLMRUSDT,0.01,-3.79,-3.37,0.28,37
885,UNFIUSDT,ZRXUSDT,0.02,-3.61,-3.37,22.38,37
1039,YGGUSDT,BLZUSDT,0.0,-4.71,-3.37,3.73,37
1015,XRPUSDT,LUNA2USDT,0.04,-3.45,-3.37,0.19,36
831,SXPUSDT,RAYUSDT,0.0,-4.13,-3.37,0.63,36
31,1000BTTUSDT,XTZUSDT,0.02,-3.62,-3.37,0.0,36
132,AGLDUSDT,STMXUSDT,0.01,-3.99,-3.37,47.54,36
694,STXUSDT,1000BTTUSDT,0.03,-3.56,-3.37,388.57,36
54,1000XECUSDT,NEARUSDT,0.0,-4.74,-3.37,0.01,36
861,UNFIUSDT,BNBUSDT,0.01,-3.79,-3.37,0.02,35
470,REQUSDT,LOOKSUSDT,0.0,-4.74,-3.37,0.5,35
151,ALICEUSDT,IOTXUSDT,0.01,-3.79,-3.37,57.83,35
145,ALICEUSDT,DUSKUSDT,0.03,-3.53,-3.37,12.81,35
764,SUNUSDT,FITFIUSDT,0.0,-4.38,-3.37,0.12,35
584,RSS3USDT,LINKUSDT,0.0,-4.13,-3.37,0.02,35
895,VETUSDT,COMPUSDT,0.0,-5.7,-3.37,0.0,35
456,QTUMUSDT,NEARUSDT,0.04,-3.45,-3.37,0.92,34
865,UNFIUSDT,FLMUSDT,0.0,-4.6,-3.37,51.93,34
1078,ZRXUSDT,RUNEUSDT,0.0,-4.39,-3.37,0.17,34
838,SXPUSDT,ZENUSDT,0.02,-3.61,-3.37,0.02,34
882,UNFIUSDT,TRBUSDT,0.02,-3.6,-3.37,0.39,34
122,AGLDUSDT,IOTAUSDT,0.0,-4.15,-3.37,1.26,34
26,1000BTTUSDT,SANDUSDT,0.02,-3.61,-3.37,0.0,34
141,ALICEUSDT,BNBUSDT,0.01,-4.01,-3.37,0.01,34
482,RSS3USDT,AAVEUSDT,0.0,-4.13,-3.37,0.0,34
24,1000BTTUSDT,RAYUSDT,0.02,-3.64,-3.37,0.0,34
816,SXPUSDT,BCHUSDT,0.0,-4.71,-3.37,0.0,34
497,RSS3USDT,ASTRUSDT,0.0,-4.25,-3.37,3.29,33
468,REQUSDT,FXSUSDT,0.04,-3.44,-3.37,0.02,33
1003,XRPUSDT,CTSIUSDT,0.01,-3.95,-3.37,3.47,33
551,RSS3USDT,FITFIUSDT,0.01,-3.95,-3.37,2.23,33
815,SXPUSDT,BATUSDT,0.03,-3.53,-3.37,1.12,33
15,1000BTTUSDT,GALAUSDT,0.0,-4.96,-3.37,0.02,33
353,CREAMUSDT,ANKRUSDT,0.01,-4.0,-3.37,426.62,32
972,XMRUSDT,LUNA2USDT,0.0,-4.89,-3.37,59.94,32
12,1000BTTUSDT,DGBUSDT,0.02,-3.76,-3.37,0.09,32
342,CREAMUSDT,1000LUNCUSDT,0.01,-3.98,-3.37,51.27,32
321,CEEKUSDT,XLMUSDT,0.0,-5.64,-3.37,1.16,32
124,AGLDUSDT,LINKUSDT,0.01,-3.93,-3.37,0.05,32
25,1000BTTUSDT,RUNEUSDT,0.02,-3.62,-3.37,0.0,32
509,RSS3USDT,BLZUSDT,0.0,-4.11,-3.37,1.58,32
810,SXPUSDT,1INCHUSDT,0.04,-3.41,-3.37,0.54,32
1064,ZRXUSDT,ENJUSDT,0.0,-4.47,-3.37,0.58,32
809,SXPUSDT,1000BTTUSDT,0.05,-3.37,-3.37,401.69,32
1047,ZECUSDT,AGLDUSDT,0.04,-3.43,-3.37,168.02,32
691,SFPUSDT,XEMUSDT,0.03,-3.48,-3.37,10.15,32
447,QTUMUSDT,BNBUSDT,0.03,-3.56,-3.37,0.01,32
1084,ZRXUSDT,STORJUSDT,0.03,-3.56,-3.37,0.6,32
375,GRTUSDT,AGLDUSDT,0.02,-3.67,-3.37,0.26,32
645,RVNUSDT,XRPUSDT,0.02,-3.66,-3.37,0.07,31
511,RSS3USDT,BNXUSDT,0.01,-4.06,-3.37,0.0,31
108,AGLDUSDT,ARPAUSDT,0.01,-4.02,-3.37,9.35,31
383,GTCUSDT,FTMUSDT,0.03,-3.53,-3.37,7.69,31
30,1000BTTUSDT,TLMUSDT,0.0,-4.15,-3.37,0.04,31
58,1000XECUSDT,SCUSDT,0.0,-5.21,-3.37,11.48,31
27,1000BTTUSDT,SLPUSDT,0.01,-3.87,-3.37,0.24,31
513,RSS3USDT,BSVUSDT,0.01,-4.09,-3.37,0.0,31
483,RSS3USDT,ACHUSDT,0.0,-4.15,-3.37,10.35,31
34,1000LUNCUSDT,ANKRUSDT,0.01,-4.06,-3.37,8.32,31
1063,ZRXUSDT,DODOUSDT,0.04,-3.42,-3.37,1.96,31
59,1000XECUSDT,SLPUSDT,0.0,-5.49,-3.37,11.45,31
355,CRVUSDT,1000BTTUSDT,0.03,-3.52,-3.37,1140.92,31
62,AAVEUSDT,10000NFTUSDT,0.04,-3.45,-3.37,13152.72,31
922,XLMUSDT,ASTRUSDT,0.04,-3.39,-3.37,3.04,31
517,RSS3USDT,CEEKUSDT,0.0,-4.21,-3.37,0.93,31
315,CEEKUSDT,RAYUSDT,0.03,-3.58,-3.37,0.26,31
693,STMXUSDT,1000BTTUSDT,0.04,-3.42,-3.37,8.44,31
516,RSS3USDT,C98USDT,0.01,-3.95,-3.37,0.39,30
18,1000BTTUSDT,IOTAUSDT,0.01,-3.93,-3.37,0.0,30
131,AGLDUSDT,SCUSDT,0.01,-3.92,-3.37,97.46,30
884,UNFIUSDT,ZENUSDT,0.03,-3.56,-3.37,0.43,30
985,XMRUSDT,STXUSDT,0.03,-3.5,-3.37,473.21,30
658,SFPUSDT,BOBAUSDT,0.04,-3.4,-3.37,1.38,30
734,SUNUSDT,CELUSDT,0.0,-5.63,-3.37,0.01,30
72,ACHUSDT,DENTUSDT,0.02,-3.6,-3.37,14.03,30
127,AGLDUSDT,NEARUSDT,0.0,-4.13,-3.37,0.11,30
1071,ZRXUSDT,ICXUSDT,0.01,-3.91,-3.37,1.13,30
67,ACHUSDT,BSWUSDT,0.02,-3.74,-3.37,0.05,30
462,QTUMUSDT,TRBUSDT,0.04,-3.43,-3.37,0.19,30
566,RSS3USDT,HOTUSDT,0.0,-4.28,-3.37,62.53,30
1045,ZECUSDT,1000BTTUSDT,0.02,-3.67,-3.37,67410.17,30
7,1000BTTUSDT,BELUSDT,0.05,-3.37,-3.37,0.0,30
661,SFPUSDT,CROUSDT,0.03,-3.58,-3.37,3.59,30
854,TRBUSDT,EOSUSDT,0.03,-3.56,-3.37,13.28,30
110,AGLDUSDT,BATUSDT,0.02,-3.64,-3.37,1.12,30
852,TRBUSDT,CVCUSDT,0.01,-3.97,-3.37,120.59,30
116,AGLDUSDT,COTIUSDT,0.02,-3.7,-3.37,3.12,30
946,XMRUSDT,CEEKUSDT,0.04,-3.41,-3.37,1112.57,30
500,RSS3USDT,AXSUSDT,0.01,-3.94,-3.37,0.01,30
1021,YGGUSDT,1000LUNCUSDT,0.01,-3.84,-3.37,1.19,30
894,VETUSDT,BNBUSDT,0.04,-3.38,-3.37,0.0,29
115,AGLDUSDT,COMPUSDT,0.0,-4.71,-3.37,0.01,29
153,ALICEUSDT,LRCUSDT,0.0,-4.16,-3.37,6.03,29
817,SXPUSDT,BNBUSDT,0.0,-4.31,-3.37,0.0,29
6,1000BTTUSDT,BATUSDT,0.01,-4.08,-3.37,0.0,29
559,RSS3USDT,GLMRUSDT,0.0,-4.19,-3.37,0.26,29
95,ACHUSDT,SHIB1000USDT,0.04,-3.43,-3.37,1.14,29
149,ALICEUSDT,GMXUSDT,0.0,-4.47,-3.37,0.04,29
387,GTCUSDT,LINAUSDT,0.04,-3.44,-3.37,209.26,29
572,RSS3USDT,IOSTUSDT,0.0,-4.36,-3.37,10.78,29
898,VETUSDT,CTSIUSDT,0.02,-3.67,-3.37,0.17,29
1041,YGGUSDT,BOBAUSDT,0.03,-3.55,-3.37,1.01,29
740,SUNUSDT,CREAMUSDT,0.03,-3.57,-3.37,0.0,29
38,1000LUNCUSDT,GALUSDT,0.01,-3.95,-3.37,0.12,29
309,CEEKUSDT,HBARUSDT,0.01,-4.01,-3.37,2.17,29
1001,XRPUSDT,CELOUSDT,0.02,-3.67,-3.37,0.65,29
1062,ZRXUSDT,BOBAUSDT,0.02,-3.64,-3.37,0.89,29
395,GTCUSDT,XEMUSDT,0.01,-3.89,-3.37,42.14,29
393,GTCUSDT,SLPUSDT,0.03,-3.55,-3.37,495.5,29
655,SFPUSDT,API3USDT,0.03,-3.48,-3.37,0.23,29
133,AGLDUSDT,STXUSDT,0.01,-3.78,-3.37,1.03,29
46,1000XECUSDT,COMPUSDT,0.0,-4.55,-3.37,0.0,29
988,XMRUSDT,TLMUSDT,0.03,-3.55,-3.37,6988.28,29
530,RSS3USDT,CTKUSDT,0.0,-4.38,-3.37,0.15,29
445,QTUMUSDT,BAKEUSDT,0.02,-3.64,-3.37,12.06,28
495,RSS3USDT,ARPAUSDT,0.0,-4.26,-3.37,3.59,28
417,INJUSDT,1INCHUSDT,0.01,-4.0,-3.37,3.37,28
929,XLMUSDT,BLZUSDT,0.01,-3.93,-3.37,1.46,28
850,TRBUSDT,BNBUSDT,0.0,-4.69,-3.37,0.05,28
529,RSS3USDT,CTCUSDT,0.0,-4.32,-3.37,0.31,28
147,ALICEUSDT,FTTUSDT,0.03,-3.5,-3.37,0.07,28
4,1000BTTUSDT,AUDIOUSDT,0.02,-3.63,-3.37,0.0,28
50,1000XECUSDT,GALAUSDT,0.0,-4.14,-3.37,1.09,28
294,CEEKUSDT,ARPAUSDT,0.01,-3.98,-3.37,3.85,28
439,LPTUSDT,1INCHUSDT,0.04,-3.45,-3.37,15.39,28
853,TRBUSDT,DODOUSDT,0.05,-3.37,-3.37,113.5,28
771,SUNUSDT,GLMRUSDT,0.02,-3.76,-3.37,0.01,27
1011,XRPUSDT,HBARUSDT,0.02,-3.64,-3.37,7.72,27
319,CEEKUSDT,STXUSDT,0.04,-3.39,-3.37,0.43,27
994,XNOUSDT,SLPUSDT,0.02,-3.68,-3.37,222.47,27
818,SXPUSDT,COMPUSDT,0.0,-4.24,-3.37,0.01,27
380,GTCUSDT,EOSUSDT,0.02,-3.68,-3.37,1.48,27
372,GMXUSDT,1000BTTUSDT,0.03,-3.49,-3.37,46729.2,27
879,UNFIUSDT,STORJUSDT,0.01,-3.88,-3.37,13.42,27
943,XMRUSDT,BELUSDT,0.0,-4.13,-3.37,271.13,27
317,CEEKUSDT,SLPUSDT,0.0,-4.14,-3.37,40.08,27
863,UNFIUSDT,CVCUSDT,0.04,-3.43,-3.37,46.62,27
345,CREAMUSDT,AAVEUSDT,0.0,-4.14,-3.37,0.15,27
316,CEEKUSDT,SCRTUSDT,0.02,-3.73,-3.37,0.15,27
573,RSS3USDT,IOTAUSDT,0.0,-4.43,-3.37,0.48,27
591,RSS3USDT,MANAUSDT,0.0,-4.33,-3.37,0.19,27
493,RSS3USDT,API3USDT,0.0,-4.23,-3.37,0.07,27
1061,ZRXUSDT,BNBUSDT,0.0,-4.45,-3.37,0.0,27
471,REQUSDT,RSRUSDT,0.04,-3.4,-3.37,17.79,27
1068,ZRXUSDT,FTTUSDT,0.01,-3.83,-3.37,0.01,27
506,RSS3USDT,BELUSDT,0.0,-4.16,-3.37,0.23,27
83,ACHUSDT,ICPUSDT,0.04,-3.38,-3.37,0.0,27
612,RVNUSDT,CREAMUSDT,0.02,-3.61,-3.37,0.0,27
523,RSS3USDT,CKBUSDT,0.01,-3.98,-3.37,33.32,27
675,SFPUSDT,HOTUSDT,0.04,-3.42,-3.37,200.1,27
378,GTCUSDT,DARUSDT,0.0,-4.2,-3.37,8.4,26
142,ALICEUSDT,BOBAUSDT,0.0,-4.34,-3.37,5.49,26
94,ACHUSDT,ONEUSDT,0.04,-3.4,-3.37,0.68,26
857,TRBUSDT,GMXUSDT,0.0,-4.58,-3.37,0.39,26
367,FILUSDT,1INCHUSDT,0.03,-3.56,-3.37,8.79,26
557,RSS3USDT,GALAUSDT,0.0,-4.19,-3.37,3.56,26
564,RSS3USDT,HBARUSDT,0.0,-4.15,-3.37,2.02,26
872,UNFIUSDT,PEOPLEUSDT,0.02,-3.7,-3.37,315.55,26
590,RSS3USDT,LUNA2USDT,0.01,-3.95,-3.37,0.05,26
997,XNOUSDT,XLMUSDT,0.03,-3.55,-3.37,6.45,26
1027,YGGUSDT,ANKRUSDT,0.0,-4.25,-3.37,9.86,26
998,XNOUSDT,XMRUSDT,0.0,-4.21,-3.37,0.0,26
39,1000LUNCUSDT,IMXUSDT,0.0,-4.18,-3.37,0.42,26
477,RSS3USDT,10000NFTUSDT,0.01,-3.94,-3.37,18.99,26
1076,ZRXUSDT,PEOPLEUSDT,0.0,-5.15,-3.37,14.1,26
1046,ZECUSDT,1INCHUSDT,0.04,-3.45,-3.37,91.34,26
600,RSS3USDT,OGNUSDT,0.0,-4.22,-3.37,0.87,26
672,SFPUSDT,GALAUSDT,0.03,-3.52,-3.37,11.4,25
945,XMRUSDT,BOBAUSDT,0.04,-3.38,-3.37,515.15,25
610,RVNUSDT,CELUSDT,0.04,-3.4,-3.37,0.03,25
528,RSS3USDT,CRVUSDT,0.0,-4.52,-3.37,0.13,25
1066,ZRXUSDT,FILUSDT,0.04,-3.42,-3.37,0.05,25
928,XLMUSDT,BELUSDT,0.04,-3.46,-3.37,0.21,25
537,RSS3USDT,DGBUSDT,0.0,-4.21,-3.37,14.03,25
897,VETUSDT,CTKUSDT,0.0,-4.31,-3.37,0.03,25
44,1000XECUSDT,BNBUSDT,0.01,-3.97,-3.37,0.0,25
47,1000XECUSDT,COTIUSDT,0.02,-3.61,-3.37,0.37,25
77,ACHUSDT,ETHUSDT,0.02,-3.61,-3.37,0.0,25
1070,ZRXUSDT,GMXUSDT,0.0,-4.21,-3.37,0.01,25
862,UNFIUSDT,COMPUSDT,0.01,-3.83,-3.37,0.11,25
323,CEEKUSDT,ZECUSDT,0.04,-3.41,-3.37,0.0,25
583,RSS3USDT,LINAUSDT,0.0,-4.35,-3.37,15.74,25
525,RSS3USDT,COTIUSDT,0.0,-4.33,-3.37,1.2,25
581,RSS3USDT,KSMUSDT,0.01,-3.95,-3.37,0.0,25
526,RSS3USDT,CREAMUSDT,0.01,-4.04,-3.37,0.01,25
90,ACHUSDT,MANAUSDT,0.04,-3.39,-3.37,0.02,25
496,RSS3USDT,ARUSDT,0.0,-4.17,-3.37,0.01,25
508,RSS3USDT,BITUSDT,0.0,-4.25,-3.37,0.28,25
105,AGLDUSDT,AKROUSDT,0.01,-4.05,-3.37,89.25,25
461,QTUMUSDT,SLPUSDT,0.0,-4.63,-3.37,838.59,25
460,QTUMUSDT,SANDUSDT,0.02,-3.74,-3.37,3.6,25
819,SXPUSDT,DGBUSDT,0.04,-3.43,-3.37,36.63,25
1029,YGGUSDT,ARUSDT,0.05,-3.38,-3.37,0.03,25
1038,YGGUSDT,BITUSDT,0.01,-4.08,-3.37,0.66,25
452,QTUMUSDT,GMXUSDT,0.01,-4.05,-3.37,0.07,25
504,RSS3USDT,BATUSDT,0.0,-4.33,-3.37,0.43,25
798,SUNUSDT,MANAUSDT,0.0,-4.24,-3.37,0.01,25
723,SUNUSDT,BITUSDT,0.0,-4.21,-3.37,0.01,25
71,ACHUSDT,DARUSDT,0.01,-4.1,-3.37,0.06,24
575,RSS3USDT,JASMYUSDT,0.0,-4.24,-3.37,26.41,24
134,AKROUSDT,1000XECUSDT,0.01,-3.8,-3.37,0.1,24
864,UNFIUSDT,DODOUSDT,0.04,-3.39,-3.37,43.88,24
390,GTCUSDT,RENUSDT,0.02,-3.62,-3.37,13.64,24
524,RSS3USDT,COMPUSDT,0.0,-4.21,-3.37,0.0,24
995,XNOUSDT,TLMUSDT,0.04,-3.43,-3.37,34.86,24
903,VETUSDT,GALAUSDT,0.02,-3.67,-3.37,0.67,24
382,GTCUSDT,ETHWUSDT,0.04,-3.42,-3.37,0.24,24
476,RSRUSDT,ASTRUSDT,0.03,-3.5,-3.37,0.17,24
1079,ZRXUSDT,SLPUSDT,0.0,-5.33,-3.37,76.76,24
507,RSS3USDT,BICOUSDT,0.0,-4.23,-3.37,0.3,24
966,XMRUSDT,INJUSDT,0.0,-5.44,-3.37,73.91,24
851,TRBUSDT,BOBAUSDT,0.03,-3.52,-3.37,51.33,24
86,ACHUSDT,IOTXUSDT,0.02,-3.75,-3.37,0.44,24
446,QTUMUSDT,BCHUSDT,0.02,-3.63,-3.37,0.02,24
934,XMRUSDT,1000XECUSDT,0.02,-3.75,-3.37,3892.74,24
432,KNCUSDT,1000BTTUSDT,0.03,-3.52,-3.37,1108.11,24
869,UNFIUSDT,ICXUSDT,0.0,-4.69,-3.37,25.26,24
37,1000LUNCUSDT,ENSUSDT,0.02,-3.6,-3.37,0.01,23
32,1000BTTUSDT,YFIUSDT,0.0,-4.55,-3.37,0.0,23
313,CEEKUSDT,LPTUSDT,0.04,-3.45,-3.37,0.01,23
875,UNFIUSDT,SLPUSDT,0.0,-4.81,-3.37,1717.99,23
648,SCRTUSDT,1INCHUSDT,0.02,-3.7,-3.37,1.52,23
296,CEEKUSDT,BATUSDT,0.01,-3.95,-3.37,0.46,23
1020,YGGUSDT,1000BTTUSDT,0.02,-3.72,-3.37,361.92,23
512,RSS3USDT,BOBAUSDT,0.0,-4.37,-3.37,0.43,23
1056,ZRXUSDT,ALICEUSDT,0.03,-3.54,-3.37,0.16,23
896,VETUSDT,CROUSDT,0.01,-4.07,-3.37,0.21,23
489,RSS3USDT,ALPHAUSDT,0.0,-4.19,-3.37,1.07,23
130,AGLDUSDT,ROSEUSDT,0.03,-3.56,-3.37,5.27,23
498,RSS3USDT,AUDIOUSDT,0.0,-4.37,-3.37,0.65,23
527,RSS3USDT,CROUSDT,0.0,-4.37,-3.37,1.12,23
546,RSS3USDT,EOSUSDT,0.0,-4.24,-3.37,0.11,23
825,SXPUSDT,GMXUSDT,0.01,-4.06,-3.37,0.01,23
535,RSS3USDT,DASHUSDT,0.0,-4.27,-3.37,0.0,23
88,ACHUSDT,LITUSDT,0.02,-3.76,-3.37,0.02,23
963,XMRUSDT,ICPUSDT,0.04,-3.41,-3.37,29.08,23
586,RSS3USDT,LOOKSUSDT,0.0,-4.21,-3.37,0.56,22
642,RVNUSDT,WAVESUSDT,0.02,-3.68,-3.37,0.01,22
627,RVNUSDT,LOOKSUSDT,0.04,-3.39,-3.37,0.14,22
653,SFPUSDT,1INCHUSDT,0.04,-3.4,-3.37,0.67,22
603,RVNUSDT,1000LUNCUSDT,0.04,-3.4,-3.37,0.13,22
664,SFPUSDT,DENTUSDT,0.03,-3.54,-3.37,465.64,22
463,QTUMUSDT,ZENUSDT,0.0,-4.61,-3.37,0.21,22
859,UNFIUSDT,BANDUSDT,0.01,-3.77,-3.37,5.18,22
686,SFPUSDT,SCRTUSDT,0.02,-3.61,-3.37,0.44,22
490,RSS3USDT,ANKRUSDT,0.01,-3.94,-3.37,4.19,22
835,SXPUSDT,TRBUSDT,0.04,-3.41,-3.37,0.02,22
543,RSS3USDT,EGLDUSDT,0.01,-3.98,-3.37,0.0,22
641,RVNUSDT,USDCUSDT,0.01,-3.81,-3.37,0.03,22
1073,ZRXUSDT,INJUSDT,0.03,-3.49,-3.37,0.13,22
111,AGLDUSDT,BCHUSDT,0.03,-3.53,-3.37,0.0,22
120,AGLDUSDT,GALAUSDT,0.03,-3.49,-3.37,9.29,22
980,XMRUSDT,SCUSDT,0.04,-3.45,-3.37,44674.87,22
101,ACHUSDT,UNIUSDT,0.02,-3.73,-3.37,0.0,22
89,ACHUSDT,LRCUSDT,0.02,-3.73,-3.37,0.05,22
63,ACHUSDT,1000BTTUSDT,0.04,-3.38,-3.37,14.83,22
279,AXSUSDT,AAVEUSDT,0.03,-3.48,-3.37,0.11,22
906,VETUSDT,INJUSDT,0.03,-3.49,-3.37,0.01,22
284,BICOUSDT,AGLDUSDT,0.01,-3.83,-3.37,1.28,22
68,ACHUSDT,CHRUSDT,0.03,-3.56,-3.37,0.08,22
962,XMRUSDT,GTCUSDT,0.03,-3.51,-3.37,89.98,21
978,XMRUSDT,RAYUSDT,0.01,-3.84,-3.37,290.47,21
79,ACHUSDT,FTMUSDT,0.04,-3.43,-3.37,0.06,21
514,RSS3USDT,BSWUSDT,0.0,-4.18,-3.37,0.5,21
42,1000XECUSDT,ARPAUSDT,0.01,-3.82,-3.37,1.1,21
437,LITUSDT,1000BTTUSDT,0.05,-3.37,-3.37,926.8,21
102,ACHUSDT,WAVESUSDT,0.03,-3.5,-3.37,0.0,21
700,SUNUSDT,AAVEUSDT,0.01,-3.94,-3.37,0.0,21
384,GTCUSDT,GMXUSDT,0.0,-4.32,-3.37,0.04,21
682,SFPUSDT,OCEANUSDT,0.0,-4.26,-3.37,2.34,21
1067,ZRXUSDT,FLOWUSDT,0.04,-3.38,-3.37,0.16,21
91,ACHUSDT,MASKUSDT,0.01,-3.88,-3.37,0.01,21
574,RSS3USDT,IOTXUSDT,0.0,-4.34,-3.37,4.53,21
536,RSS3USDT,DENTUSDT,0.0,-4.22,-3.37,145.48,21
1000,XRPUSDT,CEEKUSDT,0.01,-3.92,-3.37,3.55,21
373,GMXUSDT,1000XECUSDT,0.02,-3.76,-3.37,989.06,21
931,XLMUSDT,BOBAUSDT,0.04,-3.39,-3.37,0.4,21
64,ACHUSDT,1INCHUSDT,0.04,-3.45,-3.37,0.02,21
563,RSS3USDT,GTCUSDT,0.0,-4.16,-3.37,0.08,21
374,GMXUSDT,1INCHUSDT,0.0,-4.33,-3.37,63.32,21
1002,XRPUSDT,COMPUSDT,0.01,-3.99,-3.37,0.01,21
1069,ZRXUSDT,GALAUSDT,0.0,-4.49,-3.37,7.33,21
769,SUNUSDT,FXSUSDT,0.03,-3.58,-3.37,0.0,21
435,LINAUSDT,1INCHUSDT,0.03,-3.53,-3.37,0.01,21
450,QTUMUSDT,FLMUSDT,0.02,-3.63,-3.37,25.35,21
1037,YGGUSDT,BELUSDT,0.04,-3.4,-3.37,0.53,21
760,SUNUSDT,ETCUSDT,0.01,-3.94,-3.37,0.0,21
10,1000BTTUSDT,COMPUSDT,0.03,-3.55,-3.37,0.0,21
1040,YGGUSDT,BNBUSDT,0.02,-3.74,-3.37,0.0,21
459,QTUMUSDT,ROSEUSDT,0.01,-3.78,-3.37,45.44,21
304,CEEKUSDT,DASHUSDT,0.03,-3.5,-3.37,0.0,21
307,CEEKUSDT,FILUSDT,0.04,-3.38,-3.37,0.03,21
20,1000BTTUSDT,MANAUSDT,0.04,-3.46,-3.37,0.0,21
481,RSS3USDT,1INCHUSDT,0.0,-4.22,-3.37,0.21,21
608,RVNUSDT,ASTRUSDT,0.01,-3.97,-3.37,0.85,21
902,VETUSDT,ETHWUSDT,0.02,-3.61,-3.37,0.0,21
1004,XRPUSDT,DASHUSDT,0.02,-3.65,-3.37,0.01,21
890,VETUSDT,ARPAUSDT,0.04,-3.43,-3.37,0.67,21
634,RVNUSDT,SCRTUSDT,0.02,-3.61,-3.37,0.04,21
952,XMRUSDT,DGBUSDT,0.04,-3.46,-3.37,16768.54,21
621,RVNUSDT,GLMRUSDT,0.03,-3.54,-3.37,0.07,21
1017,XRPUSDT,PAXGUSDT,0.04,-3.39,-3.37,0.0,20
1049,ZECUSDT,BATUSDT,0.03,-3.5,-3.37,187.7,20
1012,XRPUSDT,ICPUSDT,0.02,-3.73,-3.37,0.09,20
162,ALICEUSDT,XTZUSDT,0.03,-3.51,-3.37,1.12,20
394,GTCUSDT,TRBUSDT,0.02,-3.67,-3.37,0.11,20
455,QTUMUSDT,LITUSDT,0.02,-3.75,-3.37,3.73,20
737,SUNUSDT,CKBUSDT,0.0,-4.27,-3.37,1.79,20
544,RSS3USDT,ENJUSDT,0.0,-4.26,-3.37,0.28,20
156,ALICEUSDT,RAYUSDT,0.01,-3.87,-3.37,3.1,20
692,SFPUSDT,XTZUSDT,0.04,-3.42,-3.37,0.28,20
155,ALICEUSDT,PEOPLEUSDT,0.0,-4.29,-3.37,87.36,20
828,SXPUSDT,INJUSDT,0.03,-3.55,-3.37,0.16,20
1080,ZRXUSDT,SNXUSDT,0.02,-3.72,-3.37,0.11,20
33,1000BTTUSDT,ZENUSDT,0.02,-3.61,-3.37,0.0,20
314,CEEKUSDT,OGNUSDT,0.04,-3.38,-3.37,0.94,20
562,RSS3USDT,GRTUSDT,0.01,-3.96,-3.37,1.5,20
689,SFPUSDT,TOMOUSDT,0.04,-3.42,-3.37,0.94,20
876,UNFIUSDT,SNXUSDT,0.02,-3.62,-3.37,2.42,20
1081,ZRXUSDT,SOLUSDT,0.0,-4.57,-3.37,0.01,20
285,BICOUSDT,AKROUSDT,0.04,-3.38,-3.37,113.98,20
558,RSS3USDT,GALUSDT,0.01,-4.03,-3.37,0.06,20
51,1000XECUSDT,ICXUSDT,0.01,-3.85,-3.37,0.17,20
556,RSS3USDT,FXSUSDT,0.0,-4.11,-3.37,0.02,20
61,1000XECUSDT,STORJUSDT,0.01,-3.94,-3.37,0.09,20
480,RSS3USDT,1000XECUSDT,0.0,-4.21,-3.37,3.26,19
403,HNTUSDT,10000NFTUSDT,0.02,-3.64,-3.37,653.68,19
806,SUNUSDT,OCEANUSDT,0.0,-4.16,-3.37,0.04,19
601,RSS3USDT,OMGUSDT,0.0,-4.38,-3.37,0.08,19
485,RSS3USDT,AGLDUSDT,0.0,-4.44,-3.37,0.38,19
140,ALICEUSDT,BALUSDT,0.03,-3.49,-3.37,0.24,19
599,RSS3USDT,OCEANUSDT,0.0,-4.13,-3.37,0.73,19
878,UNFIUSDT,SRMUSDT,0.03,-3.48,-3.37,7.61,19
152,ALICEUSDT,LINAUSDT,0.02,-3.61,-3.37,200.86,19
619,RVNUSDT,ETHWUSDT,0.01,-3.94,-3.37,0.0,19
596,RSS3USDT,MTLUSDT,0.0,-4.26,-3.37,0.12,19
1048,ZECUSDT,ARPAUSDT,0.04,-3.46,-3.37,1570.96,19
13,1000BTTUSDT,ETHUSDT,0.0,-5.04,-3.37,0.0,19
301,CEEKUSDT,CROUSDT,0.01,-4.0,-3.37,1.21,19
867,UNFIUSDT,GALAUSDT,0.01,-4.04,-3.37,164.14,19
3,1000BTTUSDT,ARPAUSDT,0.02,-3.7,-3.37,0.02,19
433,KNCUSDT,1INCHUSDT,0.05,-3.38,-3.37,1.5,19
1025,YGGUSDT,AGLDUSDT,0.03,-3.49,-3.37,0.9,19
868,UNFIUSDT,GMXUSDT,0.01,-3.95,-3.37,0.15,19
1065,ZRXUSDT,ETHUSDT,0.0,-4.16,-3.37,0.0,19
356,CTKUSDT,1000BTTUSDT,0.01,-4.0,-3.37,1041.04,19
329,CELUSDT,AAVEUSDT,0.03,-3.57,-3.37,0.01,19
369,FTTUSDT,1INCHUSDT,0.01,-3.94,-3.37,40.16,19
93,ACHUSDT,OCEANUSDT,0.01,-3.89,-3.37,0.07,19
379,GTCUSDT,DGBUSDT,0.02,-3.69,-3.37,186.33,19
85,ACHUSDT,INJUSDT,0.04,-3.44,-3.37,0.01,19
87,ACHUSDT,KNCUSDT,0.04,-3.4,-3.37,0.01,19
855,TRBUSDT,ETHUSDT,0.03,-3.56,-3.37,0.01,19
1074,ZRXUSDT,KNCUSDT,0.02,-3.69,-3.37,0.29,19
73,ACHUSDT,DGBUSDT,0.04,-3.4,-3.37,1.35,19
386,GTCUSDT,INJUSDT,0.03,-3.53,-3.37,0.82,19
69,ACHUSDT,CRVUSDT,0.05,-3.37,-3.37,0.01,18
365,DARUSDT,1INCHUSDT,0.01,-3.95,-3.37,0.33,18
941,XMRUSDT,BATUSDT,0.03,-3.59,-3.37,512.01,18
647,SCRTUSDT,1000BTTUSDT,0.04,-3.44,-3.37,1122.01,18
466,RENUSDT,1000BTTUSDT,0.04,-3.46,-3.37,149.75,18
847,THETAUSDT,LITUSDT,0.01,-3.97,-3.37,1.43,18
622,RVNUSDT,HOTUSDT,0.05,-3.38,-3.37,16.19,18
690,SFPUSDT,WOOUSDT,0.02,-3.66,-3.37,2.32,18
311,CEEKUSDT,INJUSDT,0.03,-3.59,-3.37,0.07,18
570,RSS3USDT,IMXUSDT,0.01,-3.97,-3.37,0.21,18
571,RSS3USDT,INJUSDT,0.01,-4.09,-3.37,0.06,18
76,ACHUSDT,DYDXUSDT,0.03,-3.5,-3.37,0.01,18
278,AXSUSDT,10000NFTUSDT,0.02,-3.66,-3.37,1438.54,18
479,RSS3USDT,1000LUNCUSDT,0.01,-3.97,-3.37,0.5,18
118,AGLDUSDT,CTSIUSDT,0.01,-3.84,-3.37,2.37,18
135,AKROUSDT,1INCHUSDT,0.04,-3.39,-3.37,0.01,18
117,AGLDUSDT,CTKUSDT,0.01,-3.96,-3.37,0.39,18
129,AGLDUSDT,RENUSDT,0.02,-3.66,-3.37,2.68,18
23,1000BTTUSDT,PEOPLEUSDT,0.01,-3.9,-3.37,0.04,18
588,RSS3USDT,LRCUSDT,0.0,-4.29,-3.37,0.47,17
113,AGLDUSDT,BTCUSDT,0.02,-3.71,-3.37,0.0,17
518,RSS3USDT,CELOUSDT,0.0,-4.15,-3.37,0.17,17
1,10000NFTUSDT,FITFIUSDT,0.03,-3.56,-3.37,0.12,17
453,QTUMUSDT,ICXUSDT,0.01,-3.92,-3.37,12.33,17
554,RSS3USDT,FTMUSDT,0.0,-4.3,-3.37,0.58,17
630,RVNUSDT,OCEANUSDT,0.01,-4.01,-3.37,0.19,17
82,ACHUSDT,GMXUSDT,0.01,-3.8,-3.37,0.0,17
57,1000XECUSDT,ROSEUSDT,0.03,-3.54,-3.37,0.62,17
486,RSS3USDT,AKROUSDT,0.0,-4.25,-3.37,34.21,17
714,SUNUSDT,AUDIOUSDT,0.0,-4.25,-3.37,0.03,17
501,RSS3USDT,BAKEUSDT,0.0,-4.25,-3.37,0.54,17
14,1000BTTUSDT,FLOWUSDT,0.02,-3.67,-3.37,0.0,17
121,AGLDUSDT,GMXUSDT,0.03,-3.48,-3.37,0.01,17
736,SUNUSDT,CHZUSDT,0.01,-3.99,-3.37,0.03,17
706,SUNUSDT,ALICEUSDT,0.0,-4.27,-3.37,0.0,17
100,ACHUSDT,TRXUSDT,0.02,-3.59,-3.37,0.19,17
487,RSS3USDT,ALGOUSDT,0.0,-4.52,-3.37,0.38,17
1023,YGGUSDT,1INCHUSDT,0.02,-3.63,-3.37,0.49,17
870,UNFIUSDT,INJUSDT,0.02,-3.66,-3.37,2.85,17
330,CELUSDT,ACHUSDT,0.04,-3.41,-3.37,80.99,17
758,SUNUSDT,ENJUSDT,0.0,-4.2,-3.37,0.02,17
833,SXPUSDT,SLPUSDT,0.0,-6.35,-3.37,97.4,17
942,XMRUSDT,BCHUSDT,0.02,-3.6,-3.37,1.31,17
821,SXPUSDT,ETHUSDT,0.0,-4.37,-3.37,0.0,17
856,TRBUSDT,FLOWUSDT,0.0,-4.51,-3.37,9.47,17
391,GTCUSDT,ROSEUSDT,0.02,-3.7,-3.37,26.85,17
996,XNOUSDT,UNFIUSDT,0.02,-3.72,-3.37,0.13,17
1010,XRPUSDT,GTCUSDT,0.01,-3.79,-3.37,0.29,17
791,SUNUSDT,LINAUSDT,0.02,-3.64,-3.37,0.84,17
782,SUNUSDT,IOSTUSDT,0.0,-4.25,-3.37,0.58,17
416,ICPUSDT,1INCHUSDT,0.0,-4.23,-3.37,8.57,17
883,UNFIUSDT,XMRUSDT,0.02,-3.65,-3.37,0.04,17
360,CTSIUSDT,1000BTTUSDT,0.02,-3.75,-3.37,169.24,17
286,BLZUSDT,1000BTTUSDT,0.01,-3.88,-3.37,97.1,17
624,RVNUSDT,IMXUSDT,0.03,-3.51,-3.37,0.06,16
1085,ZRXUSDT,SUSHIUSDT,0.01,-4.07,-3.37,0.17,16
128,AGLDUSDT,ONTUSDT,0.03,-3.56,-3.37,1.47,16
126,AGLDUSDT,MTLUSDT,0.0,-4.52,-3.37,0.32,16
53,1000XECUSDT,MTLUSDT,0.02,-3.6,-3.37,0.04,16
103,ACHUSDT,WOOUSDT,0.02,-3.69,-3.37,0.07,16
1054,ZRXUSDT,1INCHUSDT,0.03,-3.49,-3.37,0.43,16
657,SFPUSDT,BATUSDT,0.04,-3.44,-3.37,1.37,16
844,THETAUSDT,DODOUSDT,0.03,-3.54,-3.37,8.2,16
674,SFPUSDT,GTCUSDT,0.02,-3.6,-3.37,0.24,16
650,SCRTUSDT,ALICEUSDT,0.04,-3.41,-3.37,0.57,16
458,QTUMUSDT,PEOPLEUSDT,0.03,-3.49,-3.37,154.02,16
701,SUNUSDT,ACHUSDT,0.0,-4.25,-3.37,0.56,15
443,PAXGUSDT,COMPUSDT,0.03,-3.52,-3.37,32.47,15
78,ACHUSDT,FLOWUSDT,0.02,-3.65,-3.37,0.01,15
552,RSS3USDT,FLMUSDT,0.0,-4.11,-3.37,1.13,15
1060,ZRXUSDT,BELUSDT,0.0,-4.43,-3.37,0.47,15
48,1000XECUSDT,DODOUSDT,0.01,-4.09,-3.37,0.29,15
757,SUNUSDT,EGLDUSDT,0.0,-4.4,-3.37,0.0,15
1007,XRPUSDT,ETHWUSDT,0.01,-3.8,-3.37,0.07,15
434,LINAUSDT,1000BTTUSDT,0.01,-3.77,-3.37,9.76,15
505,RSS3USDT,BCHUSDT,0.0,-4.29,-3.37,0.0,15
866,UNFIUSDT,FTTUSDT,0.04,-3.4,-3.37,0.24,15
858,UNFIUSDT,ARPAUSDT,0.01,-3.98,-3.37,165.11,15
984,XMRUSDT,STORJUSDT,0.02,-3.66,-3.37,348.24,15
948,XMRUSDT,COTIUSDT,0.03,-3.52,-3.37,1429.76,15
442,PAXGUSDT,CELOUSDT,0.01,-4.06,-3.37,2314.64,15
957,XMRUSDT,ETCUSDT,0.01,-4.0,-3.37,6.16,15
519,RSS3USDT,CELRUSDT,0.0,-4.17,-3.37,8.33,15
921,XLMUSDT,ARPAUSDT,0.03,-3.55,-3.37,3.31,15
521,RSS3USDT,CHRUSDT,0.0,-4.16,-3.37,0.86,15
381,GTCUSDT,ETHUSDT,0.03,-3.51,-3.37,0.0,15
587,RSS3USDT,LPTUSDT,0.0,-4.27,-3.37,0.01,15
567,RSS3USDT,ICPUSDT,0.0,-4.27,-3.37,0.02,15
822,SXPUSDT,FLOWUSDT,0.03,-3.55,-3.37,0.21,15
849,TRBUSDT,BALUSDT,0.01,-3.89,-3.37,2.28,15
66,ACHUSDT,BITUSDT,0.0,-4.49,-3.37,0.03,15
346,CREAMUSDT,ACHUSDT,0.01,-3.88,-3.37,1053.39,15
541,RSS3USDT,DUSKUSDT,0.0,-4.26,-3.37,1.0,15
96,ACHUSDT,SKLUSDT,0.03,-3.59,-3.37,0.34,15
49,1000XECUSDT,ETHUSDT,0.01,-3.93,-3.37,0.0,15
146,ALICEUSDT,ETHUSDT,0.01,-4.06,-3.37,0.0,15
1022,YGGUSDT,1000XECUSDT,0.03,-3.47,-3.37,7.66,15
449,QTUMUSDT,ETHUSDT,0.0,-4.2,-3.37,0.0,15
742,SUNUSDT,CRVUSDT,0.01,-3.82,-3.37,0.01,15
472,REQUSDT,RSS3USDT,0.01,-3.82,-3.37,0.9,15
1082,ZRXUSDT,SRMUSDT,0.0,-4.53,-3.37,0.34,15
616,RVNUSDT,ENSUSDT,0.04,-3.39,-3.37,0.0,15
605,RVNUSDT,ACHUSDT,0.02,-3.73,-3.37,2.68,15
667,SFPUSDT,EOSUSDT,0.03,-3.52,-3.37,0.36,15
652,SCRTUSDT,BTCUSDT,0.0,-5.0,-3.37,0.0,15
40,1000XECUSDT,1000BTTUSDT,0.02,-3.61,-3.37,47.24,15
1035,YGGUSDT,BATUSDT,0.03,-3.54,-3.37,1.01,15
893,VETUSDT,BCHUSDT,0.03,-3.51,-3.37,0.0,15
904,VETUSDT,GMXUSDT,0.02,-3.69,-3.37,0.0,15
881,UNFIUSDT,TLMUSDT,0.01,-3.89,-3.37,269.23,15
741,SUNUSDT,CROUSDT,0.0,-4.23,-3.37,0.06,15
668,SFPUSDT,ETHUSDT,0.01,-3.81,-3.37,0.0,15
597,RSS3USDT,NEARUSDT,0.0,-4.16,-3.37,0.04,15
407,HNTUSDT,AAVEUSDT,0.03,-3.53,-3.37,0.05,15
643,RVNUSDT,WOOUSDT,0.04,-3.4,-3.37,0.19,14
886,USDCUSDT,BITUSDT,0.03,-3.5,-3.37,2.32,14
669,SFPUSDT,ETHWUSDT,0.04,-3.45,-3.37,0.06,14
99,ACHUSDT,TOMOUSDT,0.04,-3.4,-3.37,0.03,14
545,RSS3USDT,ENSUSDT,0.01,-4.07,-3.37,0.01,14
159,ALICEUSDT,STORJUSDT,0.03,-3.49,-3.37,3.71,14
276,ASTRUSDT,1000LUNCUSDT,0.03,-3.55,-3.37,0.15,14
1014,XRPUSDT,INJUSDT,0.03,-3.54,-3.37,0.24,14
104,ACHUSDT,XTZUSDT,0.02,-3.67,-3.37,0.01,14
1005,XRPUSDT,DGBUSDT,0.04,-3.39,-3.37,53.51,14
109,AGLDUSDT,BAKEUSDT,0.04,-3.39,-3.37,1.4,14
350,CREAMUSDT,ALGOUSDT,0.01,-3.91,-3.37,38.44,13
950,XMRUSDT,CVCUSDT,0.01,-3.96,-3.37,1209.86,13
842,THETAUSDT,CELRUSDT,0.02,-3.69,-3.37,71.7,13
306,CEEKUSDT,ETHUSDT,0.02,-3.66,-3.37,0.0,13
358,CTKUSDT,1INCHUSDT,0.04,-3.39,-3.37,1.41,13
944,XMRUSDT,BNBUSDT,0.03,-3.53,-3.37,0.52,13
837,SXPUSDT,XTZUSDT,0.03,-3.54,-3.37,0.23,13
550,RSS3USDT,FILUSDT,0.0,-4.23,-3.37,0.02,13
933,XMRUSDT,1000BTTUSDT,0.03,-3.56,-3.37,183880.44,13
340,CREAMUSDT,10000NFTUSDT,0.0,-4.64,-3.37,1931.04,13
45,1000XECUSDT,CELRUSDT,0.03,-3.55,-3.37,2.56,13
673,SFPUSDT,GMXUSDT,0.01,-4.09,-3.37,0.01,13
860,UNFIUSDT,BELUSDT,0.02,-3.71,-3.37,10.45,13
585,RSS3USDT,LITUSDT,0.0,-4.11,-3.37,0.17,13
914,XLMUSDT,1000BTTUSDT,0.01,-3.83,-3.37,142.17,13
916,XLMUSDT,1INCHUSDT,0.02,-3.72,-3.37,0.19,13
55,1000XECUSDT,ONTUSDT,0.0,-4.55,-3.37,0.17,13
326,CELUSDT,1000BTTUSDT,0.02,-3.66,-3.37,1203.46,13
678,SFPUSDT,LITUSDT,0.01,-3.91,-3.37,0.53,13
685,SFPUSDT,ROSEUSDT,0.03,-3.51,-3.37,6.47,13
911,VETUSDT,ROSEUSDT,0.01,-3.94,-3.37,0.38,13
909,VETUSDT,OMGUSDT,0.04,-3.41,-3.37,0.01,13
907,VETUSDT,LTCUSDT,0.03,-3.48,-3.37,0.0,13
280,AXSUSDT,ACHUSDT,0.04,-3.4,-3.37,785.01,13
930,XLMUSDT,BNBUSDT,0.02,-3.71,-3.37,0.0,13
607,RVNUSDT,API3USDT,0.04,-3.39,-3.37,0.02,13
438,LITUSDT,1INCHUSDT,0.01,-3.93,-3.37,1.26,13
726,SUNUSDT,BNXUSDT,0.01,-3.79,-3.37,0.0,13
777,SUNUSDT,ICPUSDT,0.0,-4.25,-3.37,0.0,13
503,RSS3USDT,BANDUSDT,0.0,-4.25,-3.37,0.11,13
478,RSS3USDT,1000BTTUSDT,0.0,-4.43,-3.37,153.8,13
776,SUNUSDT,HOTUSDT,0.03,-3.59,-3.37,3.35,13
727,SUNUSDT,BOBAUSDT,0.0,-4.15,-3.37,0.02,13
1044,YGGUSDT,BTCUSDT,0.01,-3.82,-3.37,0.0,13
783,SUNUSDT,IOTAUSDT,0.0,-4.6,-3.37,0.03,13
710,SUNUSDT,API3USDT,0.01,-4.06,-3.37,0.0,13
410,HNTUSDT,AGLDUSDT,0.02,-3.59,-3.37,13.2,13
977,XMRUSDT,QTUMUSDT,0.01,-3.87,-3.37,53.16,13
451,QTUMUSDT,GALAUSDT,0.01,-4.02,-3.37,80.12,13
465,REEFUSDT,MKRUSDT,0.02,-3.65,-3.37,0.0,13
975,XMRUSDT,OMGUSDT,0.04,-3.42,-3.37,90.25,13
98,ACHUSDT,TLMUSDT,0.03,-3.48,-3.37,0.56,13
808,SUNUSDT,OMGUSDT,0.01,-3.88,-3.37,0.0,13
292,CEEKUSDT,1INCHUSDT,0.03,-3.56,-3.37,0.22,13
823,SXPUSDT,FTTUSDT,0.04,-3.38,-3.37,0.01,13
370,GLMRUSDT,1000BTTUSDT,0.04,-3.45,-3.37,593.38,13
362,CTSIUSDT,1INCHUSDT,0.03,-3.52,-3.37,0.23,13
795,SUNUSDT,LPTUSDT,0.0,-4.41,-3.37,0.0,13
790,SUNUSDT,LDOUSDT,0.03,-3.5,-3.37,0.0,13
488,RSS3USDT,ALICEUSDT,0.0,-4.29,-3.37,0.08,13
158,ALICEUSDT,SRMUSDT,0.0,-5.7,-3.37,2.11,13
139,ALICEUSDT,ANTUSDT,0.0,-4.2,-3.37,0.94,13
762,SUNUSDT,ETHWUSDT,0.01,-3.93,-3.37,0.0,13
750,SUNUSDT,DENTUSDT,0.0,-4.24,-3.37,7.8,13
80,ACHUSDT,FTTUSDT,0.03,-3.55,-3.37,0.0,13
781,SUNUSDT,INJUSDT,0.0,-4.18,-3.37,0.0,13
747,SUNUSDT,CVXUSDT,0.01,-3.89,-3.37,0.0,13
969,XMRUSDT,LINAUSDT,0.03,-3.53,-3.37,18826.44,13
136,AKROUSDT,ADAUSDT,0.02,-3.64,-3.37,0.01,12
43,1000XECUSDT,BANDUSDT,0.02,-3.73,-3.37,0.03,12
807,SUNUSDT,OGNUSDT,0.0,-4.29,-3.37,0.05,12
580,RSS3USDT,KNCUSDT,0.0,-4.21,-3.37,0.14,12
877,UNFIUSDT,SOLUSDT,0.0,-4.23,-3.37,0.19,12
918,XLMUSDT,AGLDUSDT,0.03,-3.58,-3.37,0.35,12
28,1000BTTUSDT,SNXUSDT,0.01,-3.82,-3.37,0.0,12
97,ACHUSDT,SUSHIUSDT,0.04,-3.41,-3.37,0.01,12
568,RSS3USDT,ICXUSDT,0.0,-4.21,-3.37,0.55,12
644,RVNUSDT,XLMUSDT,0.03,-3.47,-3.37,0.28,12
687,SFPUSDT,SHIB1000USDT,0.04,-3.42,-3.37,37.68,12
873,UNFIUSDT,RAYUSDT,0.03,-3.49,-3.37,11.19,12
826,SXPUSDT,ICXUSDT,0.01,-3.84,-3.37,1.43,12
540,RSS3USDT,DOTUSDT,0.0,-4.43,-3.37,0.02,12
542,RSS3USDT,DYDXUSDT,0.01,-4.0,-3.37,0.08,12
830,SXPUSDT,PEOPLEUSDT,0.02,-3.74,-3.37,17.89,12
982,XMRUSDT,SNXUSDT,0.01,-3.98,-3.37,62.73,12
953,XMRUSDT,DODOUSDT,0.02,-3.73,-3.37,1138.69,11
773,SUNUSDT,GMXUSDT,0.01,-3.93,-3.37,0.0,11
651,SCRTUSDT,BALUSDT,0.0,-4.45,-3.37,0.14,11
761,SUNUSDT,ETHUSDT,0.01,-3.99,-3.37,0.0,11
759,SUNUSDT,EOSUSDT,0.03,-3.58,-3.37,0.01,11
901,VETUSDT,ETHUSDT,0.01,-4.02,-3.37,0.0,11
1036,YGGUSDT,BCHUSDT,0.02,-3.63,-3.37,0.0,11
1033,YGGUSDT,BALUSDT,0.02,-3.75,-3.37,0.05,11
1031,YGGUSDT,AUDIOUSDT,0.04,-3.43,-3.37,1.53,11
749,SUNUSDT,DASHUSDT,0.01,-3.89,-3.37,0.0,11
780,SUNUSDT,IMXUSDT,0.03,-3.51,-3.37,0.01,11
1059,ZRXUSDT,BALUSDT,0.0,-4.38,-3.37,0.04,11
660,SFPUSDT,CHRUSDT,0.03,-3.57,-3.37,2.77,11
735,SUNUSDT,CHRUSDT,0.0,-4.26,-3.37,0.05,11
958,XMRUSDT,ETHUSDT,0.02,-3.62,-3.37,0.1,11
702,SUNUSDT,ADAUSDT,0.01,-3.94,-3.37,0.02,11
705,SUNUSDT,ALGOUSDT,0.01,-3.91,-3.37,0.02,11
936,XMRUSDT,ALGOUSDT,0.03,-3.54,-3.37,451.67,11
970,XMRUSDT,LITUSDT,0.03,-3.54,-3.37,198.14,11
926,XLMUSDT,BATUSDT,0.01,-3.88,-3.37,0.4,11
925,XLMUSDT,BANDUSDT,0.04,-3.4,-3.37,0.1,11
991,XNOUSDT,BTCUSDT,0.04,-3.39,-3.37,0.0,11
713,SUNUSDT,ARUSDT,0.0,-4.5,-3.37,0.0,11
999,XRPUSDT,BTCUSDT,0.01,-3.87,-3.37,0.0,11
812,SXPUSDT,AVAXUSDT,0.04,-3.43,-3.37,0.02,11
1009,XRPUSDT,GMXUSDT,0.04,-3.45,-3.37,0.01,11
717,SUNUSDT,BALUSDT,0.0,-4.18,-3.37,0.0,11
722,SUNUSDT,BICOUSDT,0.01,-4.05,-3.37,0.02,11
724,SUNUSDT,BLZUSDT,0.02,-3.68,-3.37,0.08,11
671,SFPUSDT,FTMUSDT,0.04,-3.42,-3.37,1.85,11
796,SUNUSDT,LRCUSDT,0.0,-4.25,-3.37,0.03,11
789,SUNUSDT,KNCUSDT,0.01,-3.81,-3.37,0.01,11
1053,ZILUSDT,BNBUSDT,0.03,-3.51,-3.37,0.0,11
967,XMRUSDT,IOTXUSDT,0.05,-3.37,-3.37,5420.98,11
1086,ZRXUSDT,TLMUSDT,0.0,-4.32,-3.37,12.03,11
396,HBARUSDT,1000BTTUSDT,0.01,-3.94,-3.37,75.98,11
348,CREAMUSDT,AGLDUSDT,0.01,-3.89,-3.37,39.01,11
81,ACHUSDT,GLMRUSDT,0.03,-3.53,-3.37,0.02,11
107,AGLDUSDT,ALPHAUSDT,0.01,-3.77,-3.37,2.79,11
598,RSS3USDT,NEOUSDT,0.01,-4.02,-3.37,0.01,11
114,AGLDUSDT,CHZUSDT,0.0,-4.31,-3.37,1.68,11
119,AGLDUSDT,DODOUSDT,0.01,-4.06,-3.37,2.48,11
408,HNTUSDT,ACHUSDT,0.02,-3.62,-3.37,356.43,11
341,CREAMUSDT,1000BTTUSDT,0.01,-3.91,-3.37,15649.46,11
65,ACHUSDT,BELUSDT,0.04,-3.45,-3.37,0.02,11
549,RSS3USDT,ETHWUSDT,0.01,-4.03,-3.37,0.02,11
534,RSS3USDT,DARUSDT,0.0,-4.16,-3.37,0.63,11
532,RSS3USDT,CVCUSDT,0.0,-4.21,-3.37,1.01,11
510,RSS3USDT,BNBUSDT,0.0,-4.34,-3.37,0.0,11
475,RNDRUSDT,MATICUSDT,0.0,-4.19,-3.37,0.55,11
281,BALUSDT,1INCHUSDT,0.0,-4.61,-3.37,10.88,11
70,ACHUSDT,CVXUSDT,0.02,-3.71,-3.37,0.0,11
548,RSS3USDT,ETHUSDT,0.0,-4.45,-3.37,0.0,11
620,RVNUSDT,FILUSDT,0.04,-3.44,-3.37,0.01,11
397,HBARUSDT,1INCHUSDT,0.02,-3.6,-3.37,0.1,11
398,HBARUSDT,ACHUSDT,0.04,-3.43,-3.37,5.11,11
1083,ZRXUSDT,STMXUSDT,0.04,-3.42,-3.37,37.51,10
887,USDCUSDT,BLZUSDT,0.03,-3.56,-3.37,13.17,10
467,REQUSDT,BSWUSDT,0.01,-3.95,-3.37,0.45,10
639,RVNUSDT,SUSHIUSDT,0.04,-3.44,-3.37,0.02,10
138,ALICEUSDT,ADAUSDT,0.04,-3.47,-3.37,4.12,10
318,CEEKUSDT,SNXUSDT,0.03,-3.58,-3.37,0.06,10
1077,ZRXUSDT,RAYUSDT,0.0,-4.46,-3.37,0.5,10
666,SFPUSDT,DYDXUSDT,0.04,-3.43,-3.37,0.25,10
106,AGLDUSDT,ALGOUSDT,0.01,-3.77,-3.37,0.99,10
1018,XRPUSDT,RENUSDT,0.04,-3.44,-3.37,3.92,10
389,GTCUSDT,PEOPLEUSDT,0.02,-3.76,-3.37,91.0,10
75,ACHUSDT,DUSKUSDT,0.04,-3.4,-3.37,0.1,10
160,ALICEUSDT,WOOUSDT,0.03,-3.52,-3.37,9.26,10
636,RVNUSDT,SNXUSDT,0.03,-3.53,-3.37,0.01,10
157,ALICEUSDT,SLPUSDT,0.0,-4.16,-3.37,475.56,10
956,XMRUSDT,DYDXUSDT,0.03,-3.59,-3.37,94.66,10
333,CELUSDT,AKROUSDT,0.01,-4.02,-3.37,267.68,9
699,SUNUSDT,1INCHUSDT,0.01,-3.94,-3.37,0.01,9
17,1000BTTUSDT,IOSTUSDT,0.02,-3.63,-3.37,0.07,9
698,SUNUSDT,1000XECUSDT,0.0,-4.69,-3.37,0.17,9
784,SUNUSDT,IOTXUSDT,0.0,-4.26,-3.37,0.24,9
618,RVNUSDT,ETHUSDT,0.01,-3.82,-3.37,0.0,9
1043,YGGUSDT,BSWUSDT,0.01,-3.82,-3.37,1.17,9
751,SUNUSDT,DGBUSDT,0.0,-4.22,-3.37,0.75,9
704,SUNUSDT,AKROUSDT,0.02,-3.76,-3.37,1.83,9
522,RSS3USDT,CHZUSDT,0.0,-4.35,-3.37,0.64,9
1032,YGGUSDT,AVAXUSDT,0.04,-3.45,-3.37,0.02,9
1050,ZILUSDT,1000BTTUSDT,0.01,-3.87,-3.37,37.74,9
16,1000BTTUSDT,ILVUSDT,0.02,-3.74,-3.37,0.0,9
325,CELUSDT,10000NFTUSDT,0.0,-4.5,-3.37,148.52,9
712,SUNUSDT,ARPAUSDT,0.0,-4.14,-3.37,0.19,9
638,RVNUSDT,STXUSDT,0.03,-3.5,-3.37,0.1,9
979,XMRUSDT,RUNEUSDT,0.0,-4.22,-3.37,97.73,9
499,RSS3USDT,AVAXUSDT,0.0,-4.3,-3.37,0.01,9
718,SUNUSDT,BANDUSDT,0.0,-4.28,-3.37,0.01,9
719,SUNUSDT,BATUSDT,0.0,-4.24,-3.37,0.02,9
491,RSS3USDT,ANTUSDT,0.0,-4.22,-3.37,0.07,9
770,SUNUSDT,GALAUSDT,0.0,-4.17,-3.37,0.19,9
19,1000BTTUSDT,LDOUSDT,0.01,-3.79,-3.37,0.0,9
287,BLZUSDT,1000XECUSDT,0.03,-3.52,-3.37,2.06,9
947,XMRUSDT,CHRUSDT,0.01,-3.99,-3.37,1033.04,9
1072,ZRXUSDT,ILVUSDT,0.03,-3.57,-3.37,0.0,9
377,GTCUSDT,CVCUSDT,0.05,-3.37,-3.37,13.45,9
376,GTCUSDT,BALUSDT,0.01,-3.98,-3.37,0.25,9
402,HBARUSDT,ALPHAUSDT,0.04,-3.46,-3.37,0.53,9
748,SUNUSDT,DARUSDT,0.0,-4.28,-3.37,0.03,9
388,GTCUSDT,OPUSDT,0.01,-3.89,-3.37,1.85,9
745,SUNUSDT,CTSIUSDT,0.0,-4.25,-3.37,0.05,9
743,SUNUSDT,CTCUSDT,0.0,-4.19,-3.37,0.02,9
448,QTUMUSDT,COMPUSDT,0.0,-4.12,-3.37,0.05,9
670,SFPUSDT,FLOWUSDT,0.03,-3.5,-3.37,0.25,9
336,CELUSDT,ALPHAUSDT,0.01,-3.97,-3.37,8.38,9
593,RSS3USDT,MATICUSDT,0.0,-4.15,-3.37,0.14,9
589,RSS3USDT,LTCUSDT,0.0,-4.39,-3.37,0.0,9
955,XMRUSDT,DUSKUSDT,0.02,-3.74,-3.37,1201.14,9
739,SUNUSDT,COTIUSDT,0.0,-4.72,-3.37,0.06,9
794,SUNUSDT,LOOKSUSDT,0.0,-4.22,-3.37,0.03,9
344,CREAMUSDT,1INCHUSDT,0.01,-3.9,-3.37,21.21,9
959,XMRUSDT,ETHWUSDT,0.02,-3.62,-3.37,22.01,9
1057,ZRXUSDT,ANTUSDT,0.02,-3.61,-3.37,0.15,9
343,CREAMUSDT,1000XECUSDT,0.01,-3.95,-3.37,331.29,9
299,CEEKUSDT,BTCUSDT,0.01,-3.96,-3.37,0.0,9
339,CKBUSDT,AKROUSDT,0.03,-3.5,-3.37,1.02,9
721,SUNUSDT,BELUSDT,0.0,-4.19,-3.37,0.01,9
888,USDCUSDT,KNCUSDT,0.04,-3.46,-3.37,1.15,8
910,VETUSDT,RENUSDT,0.0,-4.19,-3.37,0.19,8
964,XMRUSDT,ICXUSDT,0.01,-4.01,-3.37,655.45,8
161,ALICEUSDT,XEMUSDT,0.02,-3.63,-3.37,40.45,8
659,SFPUSDT,BTCUSDT,0.02,-3.71,-3.37,0.0,8
802,SUNUSDT,MKRUSDT,0.03,-3.51,-3.37,0.0,8
625,RVNUSDT,INJUSDT,0.02,-3.61,-3.37,0.02,8
684,SFPUSDT,PEOPLEUSDT,0.02,-3.63,-3.37,21.92,8
29,1000BTTUSDT,SOLUSDT,0.03,-3.51,-3.37,0.0,8
1008,XRPUSDT,GALAUSDT,0.04,-3.44,-3.37,13.59,8
289,BLZUSDT,ALGOUSDT,0.04,-3.38,-3.37,0.24,7
799,SUNUSDT,MASKUSDT,0.01,-3.96,-3.37,0.01,7
915,XLMUSDT,1000XECUSDT,0.02,-3.64,-3.37,3.01,7
755,SUNUSDT,DUSKUSDT,0.01,-4.01,-3.37,0.05,7
361,CTSIUSDT,1000XECUSDT,0.01,-3.97,-3.37,3.58,7
905,VETUSDT,ILVUSDT,0.04,-3.4,-3.37,0.0,7
803,SUNUSDT,MTLUSDT,0.0,-4.6,-3.37,0.01,7
813,SXPUSDT,BALUSDT,0.01,-3.92,-3.37,0.05,7
352,CREAMUSDT,ALPHAUSDT,0.01,-4.0,-3.37,108.98,7
351,CREAMUSDT,ALICEUSDT,0.01,-3.89,-3.37,7.98,7
841,THETAUSDT,BOBAUSDT,0.01,-4.06,-3.37,3.71,7
349,CREAMUSDT,AKROUSDT,0.01,-3.92,-3.37,3480.7,7
763,SUNUSDT,FILUSDT,0.0,-4.25,-3.37,0.0,7
338,CKBUSDT,10000NFTUSDT,0.04,-3.44,-3.37,0.57,7
786,SUNUSDT,KAVAUSDT,0.0,-4.33,-3.37,0.0,7
766,SUNUSDT,FLOWUSDT,0.0,-4.22,-3.37,0.0,7
767,SUNUSDT,FTMUSDT,0.01,-3.91,-3.37,0.03,7
924,XLMUSDT,BALUSDT,0.02,-3.66,-3.37,0.02,7
779,SUNUSDT,ILVUSDT,0.01,-3.86,-3.37,0.0,7
778,SUNUSDT,ICXUSDT,0.0,-4.23,-3.37,0.03,7
775,SUNUSDT,HBARUSDT,0.0,-4.19,-3.37,0.11,7
774,SUNUSDT,GTCUSDT,0.01,-3.93,-3.37,0.0,7
820,SXPUSDT,ETCUSDT,0.01,-4.1,-3.37,0.01,7
633,RVNUSDT,QTUMUSDT,0.04,-3.39,-3.37,0.01,7
927,XLMUSDT,BCHUSDT,0.03,-3.59,-3.37,0.0,7
677,SFPUSDT,KLAYUSDT,0.04,-3.43,-3.37,2.07,7
515,RSS3USDT,BTCUSDT,0.0,-4.42,-3.37,0.0,7
538,RSS3USDT,DODOUSDT,0.0,-4.23,-3.37,0.95,7
697,SUNUSDT,1000BTTUSDT,0.01,-3.93,-3.37,8.25,7
1052,ZILUSDT,BALUSDT,0.01,-3.9,-3.37,0.0,7
688,SFPUSDT,SKLUSDT,0.01,-3.85,-3.37,11.32,7
681,SFPUSDT,MINAUSDT,0.01,-4.1,-3.37,0.69,7
680,SFPUSDT,MASKUSDT,0.01,-3.84,-3.37,0.36,7
579,RSS3USDT,KLAYUSDT,0.01,-4.0,-3.37,0.64,7
676,SFPUSDT,ILVUSDT,0.03,-3.49,-3.37,0.01,7
716,SUNUSDT,BAKEUSDT,0.01,-3.96,-3.37,0.03,7
582,RSS3USDT,LDOUSDT,0.0,-4.68,-3.37,0.08,7
663,SFPUSDT,DARUSDT,0.0,-4.17,-3.37,2.02,7
611,RVNUSDT,CHRUSDT,0.04,-3.41,-3.37,0.22,7
74,ACHUSDT,DOGEUSDT,0.02,-3.65,-3.37,0.18,7
656,SFPUSDT,BALUSDT,0.03,-3.54,-3.37,0.06,7
52,1000XECUSDT,LTCUSDT,0.01,-3.92,-3.37,0.0,7
649,SCRTUSDT,ADAUSDT,0.02,-3.75,-3.37,2.36,7
36,1000LUNCUSDT,BSWUSDT,0.04,-3.46,-3.37,0.98,7
711,SUNUSDT,APTUSDT,0.01,-3.9,-3.37,0.0,7
553,RSS3USDT,FLOWUSDT,0.0,-4.25,-3.37,0.08,7
968,XMRUSDT,KLAYUSDT,0.03,-3.54,-3.37,773.06,7
728,SUNUSDT,BSVUSDT,0.0,-4.24,-3.37,0.0,7
474,RNDRUSDT,KAVAUSDT,0.03,-3.56,-3.37,0.33,7
965,XMRUSDT,ILVUSDT,0.04,-3.43,-3.37,2.47,7
989,XMRUSDT,TRBUSDT,0.0,-4.15,-3.37,10.03,7
731,SUNUSDT,CEEKUSDT,0.0,-4.32,-3.37,0.05,7
730,SUNUSDT,BTCUSDT,0.01,-3.87,-3.37,0.0,7
729,SUNUSDT,BSWUSDT,0.0,-4.17,-3.37,0.03,7
746,SUNUSDT,CVCUSDT,0.01,-3.94,-3.37,0.05,7
464,REEFUSDT,CELUSDT,0.0,-4.3,-3.37,0.01,7
983,XMRUSDT,SOLUSDT,0.01,-4.03,-3.37,4.89,7
444,QTUMUSDT,AVAXUSDT,0.04,-3.41,-3.37,0.17,7
938,XMRUSDT,AVAXUSDT,0.04,-3.45,-3.37,8.96,7
908,VETUSDT,MTLUSDT,0.04,-3.46,-3.37,0.02,6
814,SXPUSDT,BANDUSDT,0.02,-3.61,-3.37,0.29,6
626,RVNUSDT,IOTXUSDT,0.04,-3.39,-3.37,1.17,6
880,UNFIUSDT,SUSHIUSDT,0.0,-4.27,-3.37,3.8,6
900,VETUSDT,ETCUSDT,0.03,-3.58,-3.37,0.0,5
92,ACHUSDT,MINAUSDT,0.01,-3.96,-3.37,0.02,5
827,SXPUSDT,ILVUSDT,0.02,-3.61,-3.37,0.01,5
829,SXPUSDT,OPUSDT,0.03,-3.51,-3.37,0.36,5
84,ACHUSDT,ILVUSDT,0.01,-4.02,-3.37,0.0,5
357,CTKUSDT,1000XECUSDT,0.02,-3.65,-3.37,22.04,5
940,XMRUSDT,BANDUSDT,0.01,-3.77,-3.37,134.48,5
22,1000BTTUSDT,OPUSDT,0.03,-3.51,-3.37,0.0,5
892,VETUSDT,BALUSDT,0.04,-3.38,-3.37,0.0,5
1016,XRPUSDT,MINAUSDT,0.02,-3.71,-3.37,0.83,5
123,AGLDUSDT,KAVAUSDT,0.03,-3.57,-3.37,0.21,5
347,CREAMUSDT,ADAUSDT,0.01,-3.9,-3.37,32.86,5
137,ALGOUSDT,ADAUSDT,0.0,-4.37,-3.37,0.86,5
848,THETAUSDT,OPUSDT,0.04,-3.42,-3.37,1.2,5
1055,ZRXUSDT,ADAUSDT,0.05,-3.38,-3.37,0.67,5
148,ALICEUSDT,GALAUSDT,0.01,-3.89,-3.37,45.44,5
283,BCHUSDT,ADAUSDT,0.03,-3.57,-3.37,295.25,5
150,ALICEUSDT,ILVUSDT,0.04,-3.38,-3.37,0.03,5
937,XMRUSDT,ANTUSDT,0.0,-4.18,-3.37,88.51,5
332,CELUSDT,AGLDUSDT,0.01,-3.79,-3.37,3.0,5
635,RVNUSDT,SHIB1000USDT,0.02,-3.72,-3.37,3.05,5
327,CELUSDT,1000XECUSDT,0.01,-3.78,-3.37,25.48,5
1026,YGGUSDT,ALGOUSDT,0.03,-3.54,-3.37,0.89,5
1024,YGGUSDT,ADAUSDT,0.01,-3.89,-3.37,0.76,5
295,CEEKUSDT,BALUSDT,0.04,-3.43,-3.37,0.02,5
125,AGLDUSDT,LTCUSDT,0.02,-3.64,-3.37,0.01,5
328,CELUSDT,1INCHUSDT,0.02,-3.69,-3.37,1.63,5
411,HNTUSDT,AKROUSDT,0.02,-3.7,-3.37,1178.09,5
744,SUNUSDT,CTKUSDT,0.01,-3.95,-3.37,0.01,5
792,SUNUSDT,LINKUSDT,0.01,-3.92,-3.37,0.0,5
609,RVNUSDT,BALUSDT,0.02,-3.71,-3.37,0.0,5
788,SUNUSDT,KLAYUSDT,0.01,-3.88,-3.37,0.03,5
752,SUNUSDT,DODOUSDT,0.0,-4.47,-3.37,0.05,5
785,SUNUSDT,JASMYUSDT,0.0,-4.15,-3.37,1.42,5
720,SUNUSDT,BCHUSDT,0.01,-3.86,-3.37,0.0,5
414,HNTUSDT,ALPHAUSDT,0.02,-3.61,-3.37,36.89,5
604,RVNUSDT,1INCHUSDT,0.03,-3.55,-3.37,0.05,5
754,SUNUSDT,DOTUSDT,0.0,-4.18,-3.37,0.0,5
602,RVNUSDT,1000BTTUSDT,0.03,-3.53,-3.37,39.83,5
595,RSS3USDT,MKRUSDT,0.01,-3.97,-3.37,0.0,5
594,RSS3USDT,MINAUSDT,0.0,-4.25,-3.37,0.22,5
592,RSS3USDT,MASKUSDT,0.01,-4.07,-3.37,0.11,5
679,SFPUSDT,LRCUSDT,0.04,-3.47,-3.37,1.51,5
502,RSS3USDT,BALUSDT,0.0,-4.3,-3.37,0.02,5
708,SUNUSDT,ANTUSDT,0.0,-4.26,-3.37,0.0,5
703,SUNUSDT,AGLDUSDT,0.02,-3.72,-3.37,0.02,5
555,RSS3USDT,FTTUSDT,0.0,-4.37,-3.37,0.01,5
768,SUNUSDT,FTTUSDT,0.01,-3.93,-3.37,0.0,5
793,SUNUSDT,LITUSDT,0.0,-4.24,-3.37,0.01,5
765,SUNUSDT,FLMUSDT,0.0,-4.29,-3.37,0.06,5
473,RNDRUSDT,AKROUSDT,0.03,-3.49,-3.37,136.8,5
725,SUNUSDT,BNBUSDT,0.01,-3.93,-3.37,0.0,5
400,HBARUSDT,AGLDUSDT,0.04,-3.4,-3.37,0.19,5
733,SUNUSDT,CELRUSDT,0.01,-3.97,-3.37,0.45,5
629,RVNUSDT,MINAUSDT,0.02,-3.73,-3.37,0.06,5
405,HNTUSDT,1000XECUSDT,0.03,-3.53,-3.37,112.13,5
454,QTUMUSDT,ILVUSDT,0.01,-3.84,-3.37,0.05,5
801,SUNUSDT,MINAUSDT,0.01,-3.92,-3.37,0.01,5
804,SUNUSDT,NEARUSDT,0.0,-4.6,-3.37,0.0,5
738,SUNUSDT,COMPUSDT,0.0,-4.13,-3.37,0.0,5
834,SXPUSDT,SOLUSDT,0.03,-3.53,-3.37,0.01,4
291,C98USDT,10000NFTUSDT,0.03,-3.58,-3.37,48.62,4
632,RVNUSDT,PEOPLEUSDT,0.04,-3.39,-3.37,1.77,4
986,XMRUSDT,SUSHIUSDT,0.01,-3.95,-3.37,98.44,4
923,XLMUSDT,AUDIOUSDT,0.03,-3.59,-3.37,0.6,3
973,XMRUSDT,MASKUSDT,0.04,-3.45,-3.37,132.67,3
971,XMRUSDT,LTCUSDT,0.03,-3.49,-3.37,2.7,3
939,XMRUSDT,BALUSDT,0.01,-3.89,-3.37,22.87,3
539,RSS3USDT,DOGEUSDT,0.0,-4.15,-3.37,1.89,3
696,STXUSDT,ADAUSDT,0.02,-3.68,-3.37,0.82,3
441,OGNUSDT,ALGOUSDT,0.02,-3.68,-3.37,0.43,3
891,VETUSDT,AVAXUSDT,0.02,-3.75,-3.37,0.0,3
951,XMRUSDT,DARUSDT,0.02,-3.75,-3.37,755.43,3
154,ALICEUSDT,OPUSDT,0.02,-3.66,-3.37,1.78,3
974,XMRUSDT,MINAUSDT,0.04,-3.43,-3.37,259.23,3
753,SUNUSDT,DOGEUSDT,0.0,-4.24,-3.37,0.1,3
961,XMRUSDT,FTTUSDT,0.01,-3.8,-3.37,6.2,3
715,SUNUSDT,AVAXUSDT,0.01,-3.86,-3.37,0.0,3
494,RSS3USDT,APTUSDT,0.01,-3.98,-3.37,0.01,3
811,SXPUSDT,ADAUSDT,0.0,-4.12,-3.37,0.84,3
960,XMRUSDT,FLOWUSDT,0.02,-3.71,-3.37,94.95,3
756,SUNUSDT,DYDXUSDT,0.0,-4.17,-3.37,0.0,3
457,QTUMUSDT,OPUSDT,0.01,-4.03,-3.37,3.13,3
976,XMRUSDT,OPUSDT,0.01,-3.95,-3.37,166.03,3
0,10000NFTUSDT,APTUSDT,0.02,-3.71,-3.37,0.0,3
707,SUNUSDT,ALPHAUSDT,0.02,-3.74,-3.37,0.06,3
560,RSS3USDT,GMTUSDT,0.0,-4.12,-3.37,0.23,3
310,CEEKUSDT,ILVUSDT,0.02,-3.77,-3.37,0.0,3
331,CELUSDT,ADAUSDT,0.03,-3.54,-3.37,2.53,3
662,SFPUSDT,CVXUSDT,0.03,-3.56,-3.37,0.07,3
561,RSS3USDT,GMXUSDT,0.0,-4.18,-3.37,0.0,3
337,CELUSDT,ANTUSDT,0.01,-3.77,-3.37,0.58,3
606,RVNUSDT,ADAUSDT,0.03,-3.56,-3.37,0.08,3
613,RVNUSDT,CROUSDT,0.04,-3.47,-3.37,0.29,3
654,SFPUSDT,ANTUSDT,0.02,-3.61,-3.37,0.24,3
845,THETAUSDT,DUSKUSDT,0.01,-3.95,-3.37,8.65,3
615,RVNUSDT,DOGEUSDT,0.02,-3.73,-3.37,0.49,3
56,1000XECUSDT,OPUSDT,0.03,-3.48,-3.37,0.04,3
797,SUNUSDT,LTCUSDT,0.0,-4.49,-3.37,0.0,3
840,THETAUSDT,BNBUSDT,0.01,-3.87,-3.37,0.0,3
1075,ZRXUSDT,OPUSDT,0.03,-3.52,-3.37,0.29,3
406,HNTUSDT,1INCHUSDT,0.03,-3.51,-3.37,7.18,3
617,RVNUSDT,ETCUSDT,0.03,-3.53,-3.37,0.0,3
354,CREAMUSDT,ANTUSDT,0.01,-3.91,-3.37,7.53,3
623,RVNUSDT,ILVUSDT,0.02,-3.73,-3.37,0.0,3
646,RVNUSDT,XTZUSDT,0.04,-3.41,-3.37,0.02,3
628,RVNUSDT,LTCUSDT,0.03,-3.5,-3.37,0.0,3
404,HNTUSDT,1000BTTUSDT,0.02,-3.6,-3.37,5296.49,3
366,DASHUSDT,ADAUSDT,0.02,-3.77,-3.37,109.77,3
637,RVNUSDT,STORJUSDT,0.04,-3.4,-3.37,0.08,3
385,GTCUSDT,ILVUSDT,0.01,-3.91,-3.37,0.03,3
665,SFPUSDT,DOGEUSDT,0.01,-3.84,-3.37,6.07,3
335,CELUSDT,ALICEUSDT,0.01,-3.83,-3.37,0.61,3
871,UNFIUSDT,OPUSDT,0.03,-3.49,-3.37,6.42,3
683,SFPUSDT,OPUSDT,0.04,-3.44,-3.37,0.44,3
144,ALICEUSDT,DGBUSDT,0.02,-3.62,-3.37,178.83,3
578,RSS3USDT,KDAUSDT,0.01,-3.94,-3.37,0.0,2
172,APEUSDT,AKROUSDT,0.0,-14.15,-3.37,3336.53,2
175,APEUSDT,ALPHAUSDT,0.0,-14.13,-3.37,104.53,2
174,APEUSDT,ALICEUSDT,0.0,-14.32,-3.37,7.86,2
207,APEUSDT,COMPUSDT,0.0,-14.13,-3.37,0.23,2
218,APEUSDT,DGBUSDT,0.0,-14.29,-3.37,1380.4,2
208,APEUSDT,COTIUSDT,0.0,-14.33,-3.37,118.94,2
209,APEUSDT,CREAMUSDT,0.0,-14.12,-3.37,0.94,2
492,RSS3USDT,APEUSDT,0.01,-3.94,-3.37,0.0,2
210,APEUSDT,CROUSDT,0.0,-14.19,-3.37,110.9,2
173,APEUSDT,ALGOUSDT,0.0,-14.21,-3.37,37.38,2
211,APEUSDT,CRVUSDT,0.0,-14.18,-3.37,13.27,2
212,APEUSDT,CTCUSDT,0.0,-14.22,-3.37,31.0,2
213,APEUSDT,CTKUSDT,0.0,-14.13,-3.37,14.29,2
177,APEUSDT,ANTUSDT,0.0,-14.44,-3.37,7.59,2
171,APEUSDT,AGLDUSDT,0.0,-14.14,-3.37,37.3,2
214,APEUSDT,CTSIUSDT,0.0,-14.1,-3.37,88.54,2
170,APEUSDT,ADAUSDT,0.0,-14.28,-3.37,32.91,2
169,APEUSDT,ACHUSDT,0.0,-4.15,-3.37,1018.18,2
168,APEUSDT,AAVEUSDT,0.0,-14.11,-3.37,0.14,2
215,APEUSDT,CVCUSDT,0.0,-14.32,-3.37,101.35,2
167,APEUSDT,1INCHUSDT,0.0,-14.32,-3.37,20.7,2
166,APEUSDT,1000XECUSDT,0.0,-14.2,-3.37,319.17,2
165,APEUSDT,1000LUNCUSDT,0.0,-14.14,-3.37,49.24,2
631,RVNUSDT,ONEUSDT,0.05,-3.37,-3.37,1.83,2
164,APEUSDT,1000BTTUSDT,0.0,-14.26,-3.37,15160.23,2
216,APEUSDT,CVXUSDT,0.0,-14.29,-3.37,2.33,2
163,APEUSDT,10000NFTUSDT,0.0,-14.11,-3.37,1829.97,2
176,APEUSDT,ANKRUSDT,0.0,-14.13,-3.37,408.04,2
206,APEUSDT,CKBUSDT,0.0,-14.14,-3.37,3152.47,2
183,APEUSDT,AVAXUSDT,0.0,-14.31,-3.37,0.76,2
205,APEUSDT,CHZUSDT,0.0,-14.22,-3.37,64.8,2
182,APEUSDT,ASTRUSDT,0.0,-14.1,-3.37,316.15,2
184,APEUSDT,AXSUSDT,0.0,-14.12,-3.37,1.28,2
185,APEUSDT,BAKEUSDT,0.0,-14.26,-3.37,53.27,2
181,APEUSDT,ARUSDT,0.0,-14.11,-3.37,1.11,2
186,APEUSDT,BALUSDT,0.0,-14.39,-3.37,1.96,2
187,APEUSDT,BANDUSDT,0.0,-14.27,-3.37,11.22,2
188,APEUSDT,BATUSDT,0.0,-14.22,-3.37,42.17,2
189,APEUSDT,BCHUSDT,0.0,-14.23,-3.37,0.11,2
180,APEUSDT,ARPAUSDT,0.0,-14.18,-3.37,349.63,2
179,APEUSDT,APTUSDT,0.0,-14.12,-3.37,1.38,2
190,APEUSDT,BELUSDT,0.0,-14.29,-3.37,22.28,2
191,APEUSDT,BICOUSDT,0.0,-14.11,-3.37,28.96,2
192,APEUSDT,BITUSDT,0.0,-14.52,-3.37,27.72,2
193,APEUSDT,BLZUSDT,0.0,-14.09,-3.37,154.65,2
194,APEUSDT,BNBUSDT,0.0,-14.24,-3.37,0.04,2
195,APEUSDT,BNXUSDT,0.0,-14.11,-3.37,0.08,2
709,SUNUSDT,APEUSDT,0.0,-4.24,-3.37,0.0,2
178,APEUSDT,API3USDT,0.0,-14.4,-3.37,7.23,2
196,APEUSDT,BOBAUSDT,0.0,-14.36,-3.37,42.54,2
197,APEUSDT,BSVUSDT,0.0,-14.14,-3.37,0.25,2
198,APEUSDT,BSWUSDT,0.0,-14.39,-3.37,50.27,2
199,APEUSDT,BTCUSDT,0.0,-14.66,-3.37,0.0,2
200,APEUSDT,C98USDT,0.0,-14.13,-3.37,37.9,2
201,APEUSDT,CELOUSDT,0.0,-14.16,-3.37,16.48,2
202,APEUSDT,CELRUSDT,0.0,-14.27,-3.37,832.79,2
203,APEUSDT,CELUSDT,0.0,-14.07,-3.37,12.28,2
204,APEUSDT,CHRUSDT,0.0,-14.57,-3.37,87.47,2
217,APEUSDT,DASHUSDT,0.0,-14.22,-3.37,0.29,2
225,APEUSDT,ENJUSDT,0.0,-14.25,-3.37,28.11,2
431,KDAUSDT,ANTUSDT,0.0,-8.92,-3.37,12.44,2
428,KDAUSDT,ALICEUSDT,0.0,-8.96,-3.37,12.9,2
265,APEUSDT,LTCUSDT,0.0,-14.2,-3.37,0.22,2
264,APEUSDT,LRCUSDT,0.0,-14.42,-3.37,47.79,2
263,APEUSDT,LPTUSDT,0.0,-14.2,-3.37,1.33,2
219,APEUSDT,DODOUSDT,0.0,-14.24,-3.37,94.47,2
262,APEUSDT,LOOKSUSDT,0.0,-14.28,-3.37,55.49,2
261,APEUSDT,LINKUSDT,0.0,-14.13,-3.37,1.7,2
260,APEUSDT,LINAUSDT,0.0,-14.3,-3.37,1574.91,2
429,KDAUSDT,ALPHAUSDT,0.0,-8.65,-3.37,170.86,2
259,APEUSDT,LDOUSDT,0.0,-14.23,-3.37,7.77,2
258,APEUSDT,KSMUSDT,0.0,-14.11,-3.37,0.33,2
257,APEUSDT,KNCUSDT,0.0,-14.29,-3.37,13.79,2
256,APEUSDT,KLAYUSDT,0.0,-14.47,-3.37,82.83,2
430,KDAUSDT,ANKRUSDT,0.0,-8.69,-3.37,662.62,2
255,APEUSDT,KDAUSDT,0.0,-14.12,-3.37,0.0,2
254,APEUSDT,KAVAUSDT,0.0,-14.13,-3.37,7.95,2
421,KDAUSDT,1000XECUSDT,0.0,-8.73,-3.37,518.48,2
253,APEUSDT,JSTUSDT,0.0,-14.12,-3.37,402.39,2
266,APEUSDT,LUNA2USDT,0.0,-14.13,-3.37,4.9,2
267,APEUSDT,MANAUSDT,0.0,-14.26,-3.37,19.2,2
251,APEUSDT,IOTXUSDT,0.0,-14.39,-3.37,455.16,2
427,KDAUSDT,ALGOUSDT,0.0,-8.73,-3.37,60.99,2
772,SUNUSDT,GMTUSDT,0.0,-4.15,-3.37,0.01,2
420,KDAUSDT,1000LUNCUSDT,0.0,-8.6,-3.37,79.45,2
419,KDAUSDT,1000BTTUSDT,0.0,-8.76,-3.37,24745.03,2
418,KDAUSDT,10000NFTUSDT,0.0,-8.56,-3.37,2960.47,2
423,KDAUSDT,AAVEUSDT,0.0,-8.54,-3.37,0.22,2
424,KDAUSDT,ADAUSDT,0.0,-8.73,-3.37,54.3,2
787,SUNUSDT,KDAUSDT,0.0,-4.23,-3.37,0.0,2
275,APEUSDT,OMGUSDT,0.0,-14.32,-3.37,7.53,2
274,APEUSDT,OGNUSDT,0.0,-13.85,-3.37,85.75,2
425,KDAUSDT,AGLDUSDT,0.0,-8.67,-3.37,60.58,2
273,APEUSDT,OCEANUSDT,0.0,-14.97,-3.37,76.49,2
272,APEUSDT,NEOUSDT,0.0,-14.19,-3.37,1.45,2
271,APEUSDT,NEARUSDT,0.0,-14.16,-3.37,4.01,2
270,APEUSDT,MTLUSDT,0.0,-14.21,-3.37,12.12,2
269,APEUSDT,MKRUSDT,0.0,-14.23,-3.37,0.01,2
268,APEUSDT,MATICUSDT,0.0,-14.18,-3.37,13.68,2
426,KDAUSDT,AKROUSDT,0.0,-8.61,-3.37,5419.25,2
252,APEUSDT,JASMYUSDT,0.0,-14.14,-3.37,2586.23,2
422,KDAUSDT,1INCHUSDT,0.0,-8.85,-3.37,33.7,2
250,APEUSDT,INJUSDT,0.0,-14.36,-3.37,6.25,2
239,APEUSDT,GALUSDT,0.0,-14.25,-3.37,5.84,2
228,APEUSDT,ETCUSDT,0.0,-14.27,-3.37,0.52,2
229,APEUSDT,ETHUSDT,0.0,-14.15,-3.37,0.01,2
230,APEUSDT,ETHWUSDT,0.0,-14.25,-3.37,1.91,2
231,APEUSDT,FILUSDT,0.0,-14.27,-3.37,2.35,2
232,APEUSDT,FITFIUSDT,0.0,-14.14,-3.37,215.39,2
233,APEUSDT,FLMUSDT,0.0,-14.23,-3.37,111.9,2
234,APEUSDT,FLOWUSDT,0.0,-14.38,-3.37,8.1,2
235,APEUSDT,FTMUSDT,0.0,-14.31,-3.37,58.14,2
249,APEUSDT,ILVUSDT,0.0,-14.27,-3.37,0.22,2
236,APEUSDT,FTTUSDT,0.0,-14.31,-3.37,0.52,2
224,APEUSDT,EGLDUSDT,0.0,-14.13,-3.37,0.2,2
237,APEUSDT,FXSUSDT,0.0,-14.16,-3.37,1.93,2
238,APEUSDT,GALAUSDT,0.0,-14.29,-3.37,353.23,2
227,APEUSDT,EOSUSDT,0.0,-14.26,-3.37,11.02,2
226,APEUSDT,ENSUSDT,0.0,-14.11,-3.37,0.67,2
240,APEUSDT,GLMRUSDT,0.0,-14.14,-3.37,25.16,2
246,APEUSDT,HOTUSDT,0.0,-14.47,-3.37,6175.41,2
220,APEUSDT,DOGEUSDT,0.0,-4.9,-3.37,219.37,2
248,APEUSDT,ICXUSDT,0.0,-14.24,-3.37,54.35,2
221,APEUSDT,DOTUSDT,0.0,-14.2,-3.37,1.95,2
247,APEUSDT,ICPUSDT,0.0,-14.26,-3.37,2.41,2
222,APEUSDT,DUSKUSDT,0.0,-14.3,-3.37,100.2,2
241,APEUSDT,GMTUSDT,0.0,-14.12,-3.37,21.57,2
223,APEUSDT,DYDXUSDT,0.0,-14.49,-3.37,8.22,2
245,APEUSDT,HNTUSDT,0.0,-14.09,-3.37,2.79,2
244,APEUSDT,HBARUSDT,0.0,-14.11,-3.37,193.99,2
243,APEUSDT,GRTUSDT,0.0,-14.13,-3.37,146.31,2
242,APEUSDT,GMXUSDT,0.0,-14.49,-3.37,0.34,2
413,HNTUSDT,ALICEUSDT,0.03,-3.48,-3.37,2.7,1
412,HNTUSDT,ALGOUSDT,0.03,-3.57,-3.37,13.01,1
415,HNTUSDT,ANTUSDT,0.03,-3.57,-3.37,2.55,1
640,RVNUSDT,THETAUSDT,0.04,-3.43,-3.37,0.03,1
401,HBARUSDT,ALGOUSDT,0.04,-3.43,-3.37,0.19,1
334,CELUSDT,ALGOUSDT,0.02,-3.73,-3.37,2.96,1
846,THETAUSDT,ICXUSDT,0.02,-3.63,-3.37,4.72,1
614,RVNUSDT,CVXUSDT,0.02,-3.67,-3.37,0.01,1
371,GMTUSDT,AKROUSDT,0.02,-3.76,-3.37,149.74,1
368,FLMUSDT,ADAUSDT,0.02,-3.66,-3.37,0.29,1
843,THETAUSDT,COTIUSDT,0.0,-4.21,-3.37,10.29,1
364,CVXUSDT,1INCHUSDT,0.0,-5.21,-3.37,9.1,1
363,CTSIUSDT,ADAUSDT,0.0,-4.58,-3.37,0.36,1
805,SUNUSDT,NEOUSDT,0.0,-4.51,-3.37,0.0,1
409,HNTUSDT,ADAUSDT,0.02,-3.64,-3.37,11.12,1
41,1000XECUSDT,ADAUSDT,0.02,-3.76,-3.37,0.1,1
359,CTKUSDT,ADAUSDT,0.0,-4.71,-3.37,2.19,1
800,SUNUSDT,MATICUSDT,0.01,-4.0,-3.37,0.01,1
839,THETAUSDT,BAKEUSDT,0.02,-3.74,-3.37,4.62,1
484,RSS3USDT,ADAUSDT,0.0,-4.47,-3.37,0.32,1
1028,YGGUSDT,ANTUSDT,0.04,-3.43,-3.37,0.17,1
303,CEEKUSDT,CVXUSDT,0.04,-3.42,-3.37,0.02,1
1013,XRPUSDT,ILVUSDT,0.05,-3.37,-3.37,0.01,1
732,SUNUSDT,CELOUSDT,0.01,-4.03,-3.37,0.01,1
954,XMRUSDT,DOGEUSDT,0.03,-3.53,-3.37,2265.91,1
987,XMRUSDT,THETAUSDT,0.02,-3.72,-3.37,138.79,1
436,LINKUSDT,ADAUSDT,0.03,-3.59,-3.37,18.6,1
935,XMRUSDT,ADAUSDT,0.04,-3.39,-3.37,386.24,1
932,XLMUSDT,BTCUSDT,0.01,-4.08,-3.37,0.0,1
920,XLMUSDT,ANTUSDT,0.04,-3.4,-3.37,0.07,1
919,XLMUSDT,ALGOUSDT,0.03,-3.56,-3.37,0.35,1
1006,XRPUSDT,ETCUSDT,0.04,-3.4,-3.37,0.02,1
917,XLMUSDT,ADAUSDT,0.01,-3.93,-3.37,0.3,1
1019,XRPUSDT,ROSEUSDT,0.03,-3.57,-3.37,7.71,1
293,CEEKUSDT,ADAUSDT,0.03,-3.51,-3.37,0.35,1
1034,YGGUSDT,BANDUSDT,0.04,-3.4,-3.37,0.26,1
889,VETUSDT,ADAUSDT,0.01,-4.0,-3.37,0.06,1
533,RSS3USDT,CVXUSDT,0.0,-4.37,-3.37,0.02,1
277,ASTRUSDT,ADAUSDT,0.04,-3.41,-3.37,0.1,1
547,RSS3USDT,ETCUSDT,0.0,-4.26,-3.37,0.01,1
1051,ZILUSDT,ADAUSDT,0.01,-4.06,-3.37,0.08,1
288,BLZUSDT,ADAUSDT,0.01,-3.9,-3.37,0.2,1
569,RSS3USDT,ILVUSDT,0.0,-4.19,-3.37,0.0,1
290,BSVUSDT,ADAUSDT,0.02,-3.7,-3.37,127.0,1
577,RSS3USDT,KAVAUSDT,0.0,-4.15,-3.37,0.08,1
399,HBARUSDT,ADAUSDT,0.0,-4.52,-3.37,0.16,1
